INSERT INTO user(EMAIL,PASSWORD) values('tom@gmail.com','tom');
INSERT INTO user(EMAIL,PASSWORD) values('jerry@gmail.com','jerry');
INSERT INTO user(EMAIL,PASSWORD) values('john@gmail.com','john');


INSERT INTO company (COMPANY_NAME,DESCRIPTION ,MARKET_PRICE ,PRICE_ON_DATE ) values('Cognizant','Lorem Ipsum is simply dummy text of the printing and typesetting industry. Lorem Ipsum has been the industrys standard dummy text ever since the 1500s',1000,'2022-01-01');
INSERT INTO company (COMPANY_NAME,DESCRIPTION ,MARKET_PRICE ,PRICE_ON_DATE ) values('Wipro','Lorem Ipsum is simply dummy text of the printing and typesetting industry. Lorem Ipsum has been the industrys standard dummy text ever since the 1500s',500,'2022-01-01');
INSERT INTO company (COMPANY_NAME,DESCRIPTION ,MARKET_PRICE ,PRICE_ON_DATE ) values('Vistara','Lorem Ipsum is simply dummy text of the printing and typesetting industry. Lorem Ipsum has been the industrys standard dummy text ever since the 1500s',600,'2022-01-01');
INSERT INTO company (COMPANY_NAME,DESCRIPTION ,MARKET_PRICE ,PRICE_ON_DATE ) values('Hewlett Packard','Lorem Ipsum is simply dummy text of the printing and typesetting industry. Lorem Ipsum has been the industrys standard dummy text ever since the 1500s',600,'2022-01-01');


INSERT INTO stock(company_id,COMPANY_NAME,MARKET_PRICE ,PRICE_ON_DATE) values(1,'Cognizant',600,'2020-01-01');
INSERT INTO stock(company_id,COMPANY_NAME,MARKET_PRICE ,PRICE_ON_DATE) values(2,'Wipro',500,'2020-01-01');
INSERT INTO stock(company_id,COMPANY_NAME,MARKET_PRICE ,PRICE_ON_DATE) values(3,'Vistara',400,'2020-01-01');
INSERT INTO stock(company_id,COMPANY_NAME,MARKET_PRICE ,PRICE_ON_DATE) values(4,'Hewlett Packard',450,'2020-01-01');



INSERT INTO stock(company_id,COMPANY_NAME,MARKET_PRICE ,PRICE_ON_DATE) values(1,'Cognizant',610,'2020-02-01');
INSERT INTO stock(company_id,COMPANY_NAME,MARKET_PRICE ,PRICE_ON_DATE) values(2,'Wipro',525,'2020-02-01');
INSERT INTO stock(company_id,COMPANY_NAME,MARKET_PRICE ,PRICE_ON_DATE) values(3,'Vistara',420,'2020-02-01');
INSERT INTO stock(company_id,COMPANY_NAME,MARKET_PRICE ,PRICE_ON_DATE) values(4,'Hewlett Packard',470,'2020-02-01');



INSERT INTO stock(company_id,COMPANY_NAME,MARKET_PRICE ,PRICE_ON_DATE) values(1,'Cognizant',595,'2020-03-01');
INSERT INTO stock(company_id,COMPANY_NAME,MARKET_PRICE ,PRICE_ON_DATE) values(2,'Wipro',550,'2020-03-01');
INSERT INTO stock(company_id,COMPANY_NAME,MARKET_PRICE ,PRICE_ON_DATE) values(3,'Vistara',410,'2020-03-01');
INSERT INTO stock(company_id,COMPANY_NAME,MARKET_PRICE ,PRICE_ON_DATE) values(4,'Hewlett Packard',460,'2020-03-01');

